{
    "epoch": 2.0,
    "eval_global_step": 15896,
    "eval_loss": 0.8365853428840637,
    "eval_runtime": 101.4329,
    "eval_samples": 3975,
    "eval_samples_per_second": 39.188,
    "eval_steps_per_second": 19.599,
    "train_loss": 0.48476618405377137,
    "train_runtime": 9100.0493,
    "train_samples": 15897,
    "train_samples_per_second": 3.494,
    "train_steps_per_second": 1.747
}